No;Author
20; Hong MS, 2003, LECT NOTES ARTIF INT, V2637, P40 2 5  
23; Sander J, 2003, LECT NOTES ARTIF INT, V2637, P75 1 27  
26; Kim YS, 2003, LECT NOTES ARTIF INT, V2637, P111 1 4  
50; Leung HP, 2003, LECT NOTES ARTIF INT, V2637, P356 1 1  
58; Miyahara T, 2003, LECT NOTES ARTIF INT, V2637, P430 1 4  
64; Palmer CR, 2003, LECT NOTES ARTIF INT, V2637, P486 1 16  
65; Yang Y, 2003, LECT NOTES ARTIF INT, V2637, P501 1 5  
70; Xu JM, 2003, LECT NOTES ARTIF INT, V2637, P551 1 2  
71; Wang X, 2003, LECT NOTES ARTIF INT, V2637, P563 2 14  
77; Bunke H, 2003, LECT NOTES ARTIF INT, V2734, P7 1 9  
84; Dong JX, 2003, LECT NOTES ARTIF INT, V2734, P96 1 17  
90; Bouguila N, 2003, LECT NOTES ARTIF INT, V2734, P172 1 29  
97; Tanaka Y, 2003, LECT NOTES ARTIF INT, V2734, P252 1 6  
99; Magnusson C, 2003, LECT NOTES ARTIF INT, V2734, P276 1 6  
101; Leleu M, 2003, LECT NOTES ARTIF INT, V2734, P293 1 7  
115; Lazarevic A, 2003, SIAM PROC S, P25 2 99  
116; Brand M, 2003, SIAM PROC S, P37 5 33  
117; Ertoz L, 2003, SIAM PROC S, P47 2 112  
118; Fung BCM, 2003, SIAM PROC S, P59 3 96  
123; Jin RM, 2003, SIAM PROC S, P119 3 17  
126; Yan XF, 2003, SIAM PROC S, P166 8 230  
128; Hundley DR, 2003, SIAM PROC S, P194 1 7  
129; Gray AG, 2003, SIAM PROC S, P203 1 22  
134; Vucetic S, 2003, SIAM PROC S, P279 1 6  
141; Yin XX, 2003, SIAM PROC S, P331 7 190  
142; Littau D, 2003, SIAM PROC S, P341 1 5  
143; Bonchi F, 2003, THIRD IEEE INTERNATIONAL CONF, P11 1 4  
144; Chan R, 2003, THIRD IEEE INTERNATIONAL CONF, P19 2 114  
146; Deshpande M, 2003, THIRD IEEE INTERNATIONAL CONF, P35 2 16  
147; Fan W, 2003, THIRD IEEE INTERNATIONAL CONF, P51 4 21  
149; Gwadera R, 2003, THIRD IEEE INTERNATIONAL CONF, P67 1 3  
152; Kargupta H, 2003, THIRD IEEE INTERNATIONAL CONF, P99 4 58  
153; Keogh E, 2003, THIRD IEEE INTERNATIONAL CONF, P115 4 22  
154; Kolter JZ, 2003, THIRD IEEE INTERNATIONAL CONF, P123 5 83  
155; Kubica J, 2003, THIRD IEEE INTERNATIONAL CONF, P131 1 10  
160; Liu JZ, 2003, THIRD IEEE INTERNATIONAL CONF, P187 1 54  
161; Manavoglu E, 2003, THIRD IEEE INTERNATIONAL CONF, P203 1 7  
162; Merugu S, 2003, THIRD IEEE INTERNATIONAL CONF, P211 2 25  
163; Munro R, 2003, THIRD IEEE INTERNATIONAL CONF, P227 1 4  
167; Pei J, 2003, THIRD IEEE INTERNATIONAL CONF, P259 1 16  
174; Tian FZ, 2003, THIRD IEEE INTERNATIONAL CONF, P323 1 1  
175; Topchy A, 2003, THIRD IEEE INTERNATIONAL CONF, P331 6 56  
176; Tsumoto S, 2003, THIRD IEEE INTERNATIONAL CONF, P339 1 7  
177; Tzvetkov P, 2003, THIRD IEEE INTERNATIONAL CONF, P347 3 17  
181; Xiao YQ, 2003, THIRD IEEE INTERNATIONAL CONF, P379 2 13  
182; Xiong H, 2003, THIRD IEEE INTERNATIONAL CONF, P387 9 26  
183; Yang GZ, 2003, THIRD IEEE INTERNATIONAL CONF, P395 1 1  
185; Yi JH, 2003, THIRD IEEE INTERNATIONAL CONF, P427 1 86  
186; Zadrozny B, 2003, THIRD IEEE INTERNATIONAL CONF, P435 5 89  
194; Caragea D, 2003, THIRD IEEE INTERNATIONAL CONF, P497 1 1  
195; Chen KK, 2003, THIRD IEEE INTERNATIONAL CONF, P501 1 1  
198; Dhillon IS, 2003, THIRD IEEE INTERNATIONAL CONF, P517 1 4  
201; Guan JW, 2003, THIRD IEEE INTERNATIONAL CONF, P529 1 8  
204; Hotho A, 2003, THIRD IEEE INTERNATIONAL CONF, P541 4 51  
206; Huan J, 2003, THIRD IEEE INTERNATIONAL CONF, P549 7 69  
207; Huang J, 2003, THIRD IEEE INTERNATIONAL CONF, P553 1 37  
213; Lee YK, 2003, THIRD IEEE INTERNATIONAL CONF, P581 2 10  
214; Li JY, 2003, THIRD IEEE INTERNATIONAL CONF, P585 1 10  
216; Li YF, 2003, THIRD IEEE INTERNATIONAL CONF, P593 1 10  
217; Lu CT, 2003, THIRD IEEE INTERNATIONAL CONF, P597 2 16  
218; Mahoney MV, 2003, THIRD IEEE INTERNATIONAL CONF, P601 1 18  
220; Neville J, 2003, THIRD IEEE INTERNATIONAL CONF, P609 3 10  
221; Oliveira SRM, 2003, THIRD IEEE INTERNATIONAL CONF, P613 2 10  
224; Polat H, 2003, THIRD IEEE INTERNATIONAL CONF, P625 1 50  
225; Pradhan S, 2003, THIRD IEEE INTERNATIONAL CONF, P629 1 1  
236; Yiu ML, 2003, THIRD IEEE INTERNATIONAL CONF, P689 3 8  
258; Getoor L, 2003, J MACH LEARN RES, V3, P679 1 51  
259; Ling CX, 2003, J MACH LEARN RES, V3, P709 1 8  
260; Marchand M, 2003, J MACH LEARN RES, V3, P723 2 26  
268; Crammer K, 2003, J MACH LEARN RES, V3, P951 6 154  
269; Blei DM, 2003, J MACH LEARN RES, V3, P993 254 9376  
270; Bucila C, 2003, DATA MIN KNOWL DISC, V7, P241 2 36  
273; Rosset S, 2003, DATA MIN KNOWL DISC, V7, P321 1 43  
275; Keogh E, 2003, DATA MIN KNOWL DISC, V7, P349 12 319  
276; Kleinberg J, 2003, DATA MIN KNOWL DISC, V7, P373 10 269  
277; Cadez I, 2003, DATA MIN KNOWL DISC, V7, P399 4 93  
278; Bouckaert RR, 2004, LECT NOTES ARTIF INT, V3056, P3 1 71  
280; Godbole S, 2004, LECT NOTES ARTIF INT, V3056, P22 1 199  
281; Hsu CM, 2004, LECT NOTES ARTIF INT, V3056, P31 1 7  
285; Oliveira SRM, 2004, LECT NOTES ARTIF INT, V3056, P74 2 28  
291; Soulet A, 2004, LECT NOTES ARTIF INT, V3056, P127 1 7  
301; Fan HJ, 2004, LECT NOTES ARTIF INT, V3056, P201 1 4  
304; Zhu C, 2004, LECT NOTES ARTIF INT, V3056, P222 1 8  
309; Dai HH, 2004, LECT NOTES ARTIF INT, V3056, P260 1 5  
310; Xu X, 2004, LECT NOTES ARTIF INT, V3056, P272 4 86  
317; Chakravarthy S, 2004, LECT NOTES ARTIF INT, V3056, P341 1 4  
323; Kailing K, 2004, LECT NOTES ARTIF INT, V3056, P394 2 14  
350; Christen P, 2004, LECT NOTES ARTIF INT, V3056, P638 2 27  
362; Taskar B, 2004, ADV NEUR IN, V16, P25 3 78  
364; Schultz M, 2004, ADV NEUR IN, V16, P41 4 62  
365; Zhu J, 2004, ADV NEUR IN, V16, P49 4 194  
373; He XF, 2004, ADV NEUR IN, V16, P153 4 469  
375; Zhou DY, 2004, ADV NEUR IN, V16, P169 1 132  
379; Barber D, 2004, ADV NEUR IN, V16, P201 3 5  
381; Bottou U, 2004, ADV NEUR IN, V16, P217 2 25  
382; Crammer K, 2004, ADV NEUR IN, V16, P225 1 14  
386; Paciorek CJ, 2004, ADV NEUR IN, V16, P273 2 63  
387; Hamerly G, 2004, ADV NEUR IN, V16, P281 1 50  
390; Bach FR, 2004, ADV NEUR IN, V16, P305 1 46  
391; Cortes C, 2004, ADV NEUR IN, V16, P313 3 62  
392; Zhou DY, 2004, ADV NEUR IN, V16, P321 22 932  
393; Lawrence ND, 2004, ADV NEUR IN, V16, P329 4 159  
395; Borodin A, 2004, ADV NEUR IN, V16, P345 2 3  
396; Heskes T, 2004, ADV NEUR IN, V16, P353 1 6  
398; Wainwright MJ, 2004, ADV NEUR IN, V16, P369 1 2  
407; Roth V, 2004, ADV NEUR IN, V16, P473 1 13  
410; Dekel O, 2004, ADV NEUR IN, V16, P497 1 15  
415; Kearns M, 2004, ADV NEUR IN, V16, P561 1 7  
419; Weston J, 2004, ADV NEUR IN, V16, P595 2 4  
433; Rasmussen CE, 2004, ADV NEUR IN, V16, P751 1 45  
438; Chang YH, 2004, ADV NEUR IN, V16, P807 1 1  
440; Bagnell JA, 2004, ADV NEUR IN, V16, P831 1 8  
443; Tesauro G, 2004, ADV NEUR IN, V16, P871 2 7  
469; Audibert JY, 2004, ADV NEUR IN, V16, P1125 1 1  
472; Zhang T, 2004, ADV NEUR IN, V16, P1149 1 2  
514; Fanti C, 2004, ADV NEUR IN, V16, P1603 4 218  
533; Atallah M, 2004, FOURTH IEEE INTERNATIONAL CON, P3 2 7  
535; Bickel S, 2004, FOURTH IEEE INTERNATIONAL CON, P19 4 130  
536; Bohm C, 2004, FOURTH IEEE INTERNATIONAL CON, P27 2 20  
537; Bonchi F, 2004, FOURTH IEEE INTERNATIONAL CON, P35 3 5  
538; Brecheisen S, 2004, FOURTH IEEE INTERNATIONAL CON, P43 2 2  
539; Chai XY, 2004, FOURTH IEEE INTERNATIONAL CON, P51 2 20  
540; Chi Y, 2004, FOURTH IEEE INTERNATIONAL CON, P59 6 34  
542; Gondek D, 2004, FOURTH IEEE INTERNATIONAL CON, P75 4 11  
543; Goswami A, 2004, FOURTH IEEE INTERNATIONAL CON, P83 1 4  
544; Grahne G, 2004, FOURTH IEEE INTERNATIONAL CON, P91 1 6  
545; Haiminen N, 2004, FOURTH IEEE INTERNATIONAL CON, P106 1 1  
550; Liu T, 2004, FOURTH IEEE INTERNATIONAL CON, P162 2 14  
551; Neville J, 2004, FOURTH IEEE INTERNATIONAL CON, P170 2 6  
553; Sequeira K, 2004, FOURTH IEEE INTERNATIONAL CON, P186 6 8  
554; Sun P, 2004, FOURTH IEEE INTERNATIONAL CON, P209 1 16  
555; Thabtah FA, 2004, FOURTH IEEE INTERNATIONAL CON, P217 3 44  
556; Topchy AP, 2004, FOURTH IEEE INTERNATIONAL CON, P225 2 42  
557; Vaidya J, 2004, FOURTH IEEE INTERNATIONAL CON, P233 1 12  
559; Wang K, 2004, FOURTH IEEE INTERNATIONAL CON, P249 1 35  
560; Wong TL, 2004, FOURTH IEEE INTERNATIONAL CON, P257 4 3  
561; Wu G, 2004, FOURTH IEEE INTERNATIONAL CON, P265 2 7  
562; Xue GR, 2004, FOURTH IEEE INTERNATIONAL CON, P273 2 1  
565; Zhu XQ, 2004, FOURTH IEEE INTERNATIONAL CON, P305 1 17  
566; Alhammady H, 2004, FOURTH IEEE INTERNATIONAL CON, P315 1 7  
575; Coenen F, 2004, FOURTH IEEE INTERNATIONAL CON, P359 1 7  
576; Cong G, 2004, FOURTH IEEE INTERNATIONAL CON, P363 2 4  
577; Dai BR, 2004, FOURTH IEEE INTERNATIONAL CON, P367 2 3  
578; Dunham MH, 2004, FOURTH IEEE INTERNATIONAL CON, P371 1 7  
582; Ghoting A, 2004, FOURTH IEEE INTERNATIONAL CON, P387 1 12  
583; Gleich D, 2004, FOURTH IEEE INTERNATIONAL CON, P391 1 2  
592; Kuramochi M, 2004, FOURTH IEEE INTERNATIONAL CON, P439 2 30  
594; Li T, 2004, FOURTH IEEE INTERNATIONAL CON, P451 1 5  
602; Ren DM, 2004, FOURTH IEEE INTERNATIONAL CON, P503 1 6  
603; Ruckert U, 2004, FOURTH IEEE INTERNATIONAL CON, P507 1 4  
605; Simovici D, 2004, FOURTH IEEE INTERNATIONAL CON, P523 1 2  
608; Termier A, 2004, FOURTH IEEE INTERNATIONAL CON, P543 2 9  
610; Yu HJ, 2004, FOURTH IEEE INTERNATIONAL CON, P563 2 3  
614; Ratanamahatana CA, 2004, SIAM PROC S, P11 8 103  
616; Wong TL, 2004, SIAM PROC S, P45 2 7  
619; Xiong H, 2004, SIAM PROC S, P78 2 17  
620; Ester M, 2004, SIAM PROC S, P90 1 6  
622; Cho H, 2004, SIAM PROC S, P114 2 67  
623; Boley D, 2004, SIAM PROC S, P126 1 31  
625; Gupta C, 2004, SIAM PROC S, P147 1 13  
632; Du WL, 2004, SIAM PROC S, P222 2 74  
633; Banerjee A, 2004, SIAM PROC S, P234 1 30  
634; Kailing K, 2004, SIAM PROC S, P246 15 91  
637; Xiong H, 2004, SIAM PROC S, P279 1 17  
642; Basu S, 2004, SIAM PROC S, P333 5 164  
646; Topchy A, 2004, SIAM PROC S, P379 5 134  
653; Chakrabarti D, 2004, SIAM PROC S, P442 11 191  
654; Han YQ, 2004, SIAM PROC S, P447 1 2  
655; Pauca VP, 2004, SIAM PROC S, P452 5 90  
656; Fan W, 2004, SIAM PROC S, P457 3 31  
658; Li T, 2004, SIAM PROC S, P472 2 4  
660; Yao H, 2004, SIAM PROC S, P482 1 114  
663; Barbara D, 2004, SIAM PROC S, P502 1 1  
665; Domeniconi C, 2004, SIAM PROC S, P517 1 24  
666; Vaidya J, 2004, SIAM PROC S, P522 2 34  
678; Tan PN, 2004, INFORM SYST, V29, P293 11 240  
681; Evfimievski A, 2004, INFORM SYST, V29, P343 2 82  
682; Mendelson S, 2004, J MACH LEARN RES, V4, P759 1 28  
683; Takimoto E, 2004, J MACH LEARN RES, V4, P773 3 13  
686; Blanchard G, 2004, J MACH LEARN RES, V4, P861 1 18  
697; Huang SY, 2005, LECT NOTES ARTIF INT, V3518, P71 1 4  
698; Gasmi G, 2005, LECT NOTES ARTIF INT, V3518, P81 1 15  
700; Koh YS, 2005, LECT NOTES ARTIF INT, V3518, P97 2 58  
702; Bonchi F, 2005, LECT NOTES ARTIF INT, V3518, P114 2 15  
714; Coenen F, 2005, LECT NOTES ARTIF INT, V3518, P216 2 30  
724; Matsumoto S, 2005, LECT NOTES ARTIF INT, V3518, P301 2 51  
734; Polzlbauer G, 2005, LECT NOTES ARTIF INT, V3518, P399 1 2  
735; Denny, 2005, LECT NOTES ARTIF INT, V3518, P410 1 1  
739; Nguyen SN, 2005, LECT NOTES ARTIF INT, V3518, P442 1 15  
747; Yang KY, 2005, LECT NOTES ARTIF INT, V3518, P516 1 11  
755; Woznica A, 2005, LECT NOTES ARTIF INT, V3518, P588 1 4  
757; Liu FT, 2005, LECT NOTES ARTIF INT, V3518, P605 1 9  
766; Liu Y, 2005, LECT NOTES ARTIF INT, V3518, P689 3 178  
770; Huang Y, 2005, LECT NOTES ARTIF INT, V3518, P719 1 3  
775; Yuan JH, 2005, LECT NOTES ARTIF INT, V3518, P758 1 2  
777; Ratanamahatana C, 2005, LECT NOTES ARTIF INT, V3518, P771 1 25  
800; Bhattacharya A, 2005, FIFTH IEEE INTERNATIONAL CONF, P50 2 1  
801; Bilenko M, 2005, FIFTH IEEE INTERNATIONAL CONF, P58 1 8  
803; Borgwardt KM, 2005, FIFTH IEEE INTERNATIONAL CONF, P74 4 73  
804; Cao HP, 2005, FIFTH IEEE INTERNATIONAL CONF, P82 1 72  
805; Chan PK, 2005, FIFTH IEEE INTERNATIONAL CONF, P90 1 10  
806; Chandola V, 2005, FIFTH IEEE INTERNATIONAL CONF, P98 1 5  
807; Chen JR, 2005, FIFTH IEEE INTERNATIONAL CONF, P114 1 2  
811; Fan W, 2005, FIFTH IEEE INTERNATIONAL CONF, P154 1 2  
812; Hido S, 2005, FIFTH IEEE INTERNATIONAL CONF, P170 2 5  
814; Ji XN, 2005, FIFTH IEEE INTERNATIONAL CONF, P194 1 10  
816; Jin RM, 2005, FIFTH IEEE INTERNATIONAL CONF, P210 1 11  
817; Kalousis A, 2005, FIFTH IEEE INTERNATIONAL CONF, P218 1 11  
818; Keogh E, 2005, FIFTH IEEE INTERNATIONAL CONF, P226 7 74  
820; Kolda TG, 2005, FIFTH IEEE INTERNATIONAL CONF, P242 5 40  
821; Kriegel HP, 2005, FIFTH IEEE INTERNATIONAL CONF, P250 6 18  
824; Leung CKS, 2005, FIFTH IEEE INTERNATIONAL CONF, P274 1 6  
825; Long B, 2005, FIFTH IEEE INTERNATIONAL CONF, P282 1 5  
829; Neville J, 2005, FIFTH IEEE INTERNATIONAL CONF, P322 2 5  
830; Osugi T, 2005, FIFTH IEEE INTERNATIONAL CONF, P330 1 8  
840; Sun JM, 2005, FIFTH IEEE INTERNATIONAL CONF, P418 8 33  
842; Tao DC, 2005, FIFTH IEEE INTERNATIONAL CONF, P450 1 20  
843; Wang K, 2005, FIFTH IEEE INTERNATIONAL CONF, P466 2 8  
845; Wei L, 2005, FIFTH IEEE INTERNATIONAL CONF, P490 2 7  
849; Zhuang D, 2005, FIFTH IEEE INTERNATIONAL CONF, P538 1 2  
851; Atzori M, 2005, FIFTH IEEE INTERNATIONAL CONF, P561 3 2  
856; Chen KK, 2005, FIFTH IEEE INTERNATIONAL CONF, P589 2 13  
863; George T, 2005, FIFTH IEEE INTERNATIONAL CONF, P625 3 58  
865; Halkidi M, 2005, FIFTH IEEE INTERNATIONAL CONF, P637 1 1  
869; Kamishima T, 2005, FIFTH IEEE INTERNATIONAL CONF, P673 1 3  
870; Kang N, 2005, FIFTH IEEE INTERNATIONAL CONF, P677 1 3  
872; Kriegel HP, 2005, FIFTH IEEE INTERNATIONAL CONF, P689 4 16  
878; Liu JZ, 2005, FIFTH IEEE INTERNATIONAL CONF, P721 1 5  
882; Melville P, 2005, FIFTH IEEE INTERNATIONAL CONF, P745 2 3  
891; Washio T, 2005, FIFTH IEEE INTERNATIONAL CONF, P793 2 3  
892; Wong TL, 2005, FIFTH IEEE INTERNATIONAL CONF, P797 1 5  
894; Yaramakala S, 2005, FIFTH IEEE INTERNATIONAL CONF, P809 1 32  
895; Yoo JS, 2005, FIFTH IEEE INTERNATIONAL CONF, P813 1 6  
896; Zhu C, 2005, FIFTH IEEE INTERNATIONAL CONF, P829 1 4  
897; Zimmermann A, 2005, FIFTH IEEE INTERNATIONAL CONF, P833 1 1  
902; Haralick R, 2005, LECT NOTES ARTIF INT, V3587, P132 1 9  
942; Hayashi A, 2005, LECT NOTES ARTIF INT, V3587, P356 1 15  
968; Ding C, 2005, SIAM PROC S, P32 1 43  
969; Cormode G, 2005, SIAM PROC S, P44 1 18  
970; Aggarwal CC, 2005, SIAM PROC S, P56 1 19  
973; Yang ZQ, 2005, SIAM PROC S, P92 1 26  
981; Wang JY, 2005, SIAM PROC S, P205 3 45  
983; Han YQ, 2005, SIAM PROC S, P227 1 4  
986; Kalashnikov DV, 2005, SIAM PROC S, P262 2 12  
987; White S, 2005, SIAM PROC S, P274 2 67  
988; Liu C, 2005, SIAM PROC S, P286 2 52  
989; Wong TL, 2005, SIAM PROC S, P298 1 5  
997; Gwadera R, 2005, SIAM PROC S, P404 1 13  
1009; Ratanamahatana CA, 2005, SIAM PROC S, P506 11 118  
1017; Ide T, 2005, SIAM PROC S, P571 1 28  
1019; Tseng VSM, 2005, SIAM PROC S, P596 1 11  
1021; Ding C, 2005, SIAM PROC S, P606 8 278  
1022; Wu G, 2005, SIAM PROC S, P611 1 5  
1024; Erdogan E, 2005, SIAM PROC S, P626 1 5  
1025; Zeimpekis D, 2005, SIAM PROC S, P631 4 12  
1029; Kargupta H, 2005, KNOWL INF SYST, V7, P387 3 66  
1030; Geerts F, 2005, ACM T DATABASE SYST, V30, P333 2 10  
1032; Paninski L, 2005, NEURAL COMPUT, V17, P1480 1 52  
1046; Liu FT, 2006, LECT NOTES ARTIF INT, V3918, P81 1 2  
1049; Liu Y, 2006, LECT NOTES ARTIF INT, V3918, P107 1 46  
1050; Achtert E, 2006, LECT NOTES ARTIF INT, V3918, P119 1 22  
1055; Achtert E, 2006, LECT NOTES ARTIF INT, V3918, P174 1 2  
1056; Brecheisen S, 2006, LECT NOTES ARTIF INT, V3918, P179 1 24  
1058; Chau M, 2006, LECT NOTES ARTIF INT, V3918, P199 3 62  
1060; Kim D, 2006, LECT NOTES ARTIF INT, V3918, P215 1 10  
1077; Appan P, 2006, LECT NOTES ARTIF INT, V3918, P371 1 4  
1078; Leskovec J, 2006, LECT NOTES ARTIF INT, V3918, P380 2 75  
1100; Fan HQ, 2006, LECT NOTES ARTIF INT, V3918, P557 1 18  
1102; Jin W, 2006, LECT NOTES ARTIF INT, V3918, P577 2 99  
1106; Jin W, 2006, LECT NOTES ARTIF INT, V3918, P621 1 0  
1107; Polat H, 2006, LECT NOTES ARTIF INT, V3918, P637 1 30  
1108; Yu H, 2006, LECT NOTES ARTIF INT, V3918, P647 1 45  
1109; Zou B, 2006, LECT NOTES ARTIF INT, V3918, P657 1 8  
1130; Cao LB, 2006, LECT NOTES ARTIF INT, V3918, P821 1 15  
1135; Jin HD, 2006, LECT NOTES ARTIF INT, V3918, P867 2 10  
1254; Shehata S, 2006, ICDM 2006: SIXTH IEEE INTERNA, P39 1 3  
1257; Bathoorn R, 2006, ICDM 2006: SIXTH IEEE INTERNA, P55 1 1  
1281; Christen P, 2006, ICDM 2006: SIXTH IEEE INTERNA, P290 1 35  
1284; Du N, 2006, ICDM 2006: SIXTH IEEE INTERNA, P320 1 6  
1285; Hawarah L, 2006, ICDM 2006: SIXTH IEEE INTERNA, P325 1 1  
1292; Verhein F, 2006, ICDM 2006: SIXTH IEEE INTERNA, P387 1 1  
1297; Jin W, 2006, ICDM 2006: SIXTH IEEE INTERNA, P448 1 3  
1299; Christen P, 2006, ICDM 2006: SIXTH IEEE INTERNA, P497 1 4  
1320; Ho CC, 2006, ICDM 2006: SIXTH IEEE INTERNA, P677 1 12  
1324; Feng Y, 2006, ICDM 2006: SIXTH IEEE INTERNA, P754 1 3  
1327; Dai HH, 2006, ICDM 2006: SIXTH IEEE INTERNA, P775 1 1  
1339; Ando S, 2006, IEEE DATA MINING, P11 3 9  
1342; Bae E, 2006, IEEE DATA MINING, P53 11 43  
1344; Bay S, 2006, IEEE DATA MINING, P75 3 17  
1345; Bilenko M, 2006, IEEE DATA MINING, P87 3 61  
1347; Caruana R, 2006, IEEE DATA MINING, P107 2 47  
1348; Celik M, 2006, IEEE DATA MINING, P119 3 23  
1350; Cheng J, 2006, IEEE DATA MINING, P139 2 11  
1356; Gao BJ, 2006, IEEE DATA MINING, P200 2 4  
1357; Gao J, 2006, IEEE DATA MINING, P212 3 30  
1359; Gupta G, 2006, IEEE DATA MINING, P232 2 7  
1369; Li T, 2006, IEEE DATA MINING, P362 9 80  
1374; Moise G, 2006, IEEE DATA MINING, P414 3 28  
1376; Ngai WK, 2006, IEEE DATA MINING, P436 4 69  
1377; Papadimitriou S, 2006, IEEE DATA MINING, P456 4 39  
1381; Preisach C, 2006, IEEE DATA MINING, P499 2 5  
1385; Singla P, 2006, IEEE DATA MINING, P572 3 104  
1387; Sun YM, 2006, IEEE DATA MINING, P592 3 87  
1389; Tong HH, 2006, IEEE DATA MINING, P613 14 254  
1390; Ueno K, 2006, IEEE DATA MINING, P623 3 31  
1391; Veloso A, 2006, IEEE DATA MINING, P645 2 44  
1392; Verhein F, 2006, IEEE DATA MINING, P655 2 5  
1394; Wale N, 2006, IEEE DATA MINING, P678 2 15  
1396; Wei L, 2006, IEEE DATA MINING, P711 3 20  
1406; Borgwardt KM, 2006, IEEE DATA MINING, P818 7 41  
1407; Cao HP, 2006, IEEE DATA MINING, P823 3 12  
1408; Caruana R, 2006, IEEE DATA MINING, P828 4 42  
1417; He HH, 2006, IEEE DATA MINING, P885 2 9  
1422; Leung CKS, 2006, IEEE DATA MINING, P928 4 53  
1428; Liu XY, 2006, IEEE DATA MINING, P965 6 72  
1429; Liu XY, 2006, IEEE DATA MINING, P970 5 87  
1441; Sim K, 2006, IEEE DATA MINING, P1059 2 21  
1444; Sun JM, 2006, IEEE DATA MINING, P1076 2 23  
1448; Thomas LT, 2006, IEEE DATA MINING, P1097 4 23  
1452; Wang F, 2006, IEEE DATA MINING, P1119 2 13  
1458; Wu ST, 2006, IEEE DATA MINING, P1157 2 41  
1459; Xiong H, 2006, IEEE DATA MINING, P1162 3 10  
1494; Cao F, 2006, SIAM PROC S, P328 11 215  
1541; Chui CK, 2007, LECT NOTES COMPUT SC, V4426, P47 9 106  
1545; Hu QH, 2007, LECT NOTES COMPUT SC, V4426, P96 2 17  
1558; Pfahringer B, 2007, LECT NOTES COMPUT SC, V4426, P236 2 4  
1571; Zhu F, 2007, LECT NOTES COMPUT SC, V4426, P388 2 21  
1710; Wu B, 2007, LECT NOTES COMPUT SC, V4819, P476 4 15  
1876; Ando S, 2007, IEEE DATA MINING, P13 3 20  
1879; Bell RM, 2007, IEEE DATA MINING, P43 9 121  
1880; Bringmann B, 2007, IEEE DATA MINING, P63 3 26  
1882; Calders T, 2007, IEEE DATA MINING, P83 2 27  
1887; Cui Y, 2007, IEEE DATA MINING, P133 8 45  
1888; Gao J, 2007, IEEE DATA MINING, P143 5 53  
1897; Musicant DR, 2007, IEEE DATA MINING, P252 3 18  
1901; Tang J, 2007, IEEE DATA MINING, P292 3 33  
1903; Wang C, 2007, IEEE DATA MINING, P322 3 66  
1904; Wang P, 2007, IEEE DATA MINING, P332 3 19  
1906; Wang XZ, 2007, IEEE DATA MINING, P351 4 23  
1910; Zhang ZG, 2007, IEEE DATA MINING, P391 6 35  
1911; Assent I, 2007, IEEE DATA MINING, P409 4 29  
1915; Celik M, 2007, IEEE DATA MINING, P433 3 17  
1919; Cheng H, 2007, IEEE DATA MINING, P457 2 18  
1928; Ide T, 2007, IEEE DATA MINING, P523 2 21  
1931; Jindal N, 2007, IEEE DATA MINING, P547 2 48  
1936; Li T, 2007, IEEE DATA MINING, P577 3 62  
1937; Liang YL, 2007, IEEE DATA MINING, P583 2 29  
1940; Minnen D, 2007, IEEE DATA MINING, P601 3 26  
1941; Nguyen N, 2007, IEEE DATA MINING, P607 5 75  
1948; Shivaswamy PK, 2007, IEEE DATA MINING, P655 2 30  
1962; Zhu XQ, 2007, IEEE DATA MINING, P757 2 30  
1966; Agarwal D, 2007, KDD-2007 PROCEEDINGS OF THE T, P26 5 18  
1968; Aggarwal CC, 2007, KDD-2007 PROCEEDINGS OF THE T, P46 2 32  
1970; Arnold A, 2007, KDD-2007 PROCEEDINGS OF THE T, P66 2 56  
1972; Becker H, 2007, KDD-2007 PROCEEDINGS OF THE T, P86 2 4  
1973; Bell RM, 2007, KDD-2007 PROCEEDINGS OF THE T, P95 4 77  
1977; Chen YX, 2007, KDD-2007 PROCEEDINGS OF THE T, P133 6 139  
1978; Chew PA, 2007, KDD-2007 PROCEEDINGS OF THE T, P143 2 23  
1979; Chi Y, 2007, KDD-2007 PROCEEDINGS OF THE T, P153 4 98  
1981; Chopra S, 2007, KDD-2007 PROCEEDINGS OF THE T, P173 2 7  
1985; Dai WY, 2007, KDD-2007 PROCEEDINGS OF THE T, P210 5 93  
1986; Das K, 2007, KDD-2007 PROCEEDINGS OF THE T, P220 2 27  
1989; Deodhar M, 2007, KDD-2007 PROCEEDINGS OF THE T, P250 4 10  
1997; Giannotti F, 2007, KDD-2007 PROCEEDINGS OF THE T, P330 16 350  
1999; Heikinheimo H, 2007, KDD-2007 PROCEEDINGS OF THE T, P350 2 10  
2003; Ke YP, 2007, KDD-2007 PROCEEDINGS OF THE T, P390 2 13  
2005; Laxman S, 2007, KDD-2007 PROCEEDINGS OF THE T, P410 3 44  
2006; Leskovec J, 2007, KDD-2007 PROCEEDINGS OF THE T, P420 26 583  
2007; Li JY, 2007, KDD-2007 PROCEEDINGS OF THE T, P430 4 40  
2011; Long B, 2007, KDD-2007 PROCEEDINGS OF THE T, P470 2 41  
2014; Mimno D, 2007, KDD-2007 PROCEEDINGS OF THE T, P500 2 64  
2016; Nallapati R, 2007, KDD-2007 PROCEEDINGS OF THE T, P520 2 13  
2029; Shiga M, 2007, KDD-2007 PROCEEDINGS OF THE T, P647 4 37  
2033; Sun JM, 2007, KDD-2007 PROCEEDINGS OF THE T, P687 12 170  
2036; Tantipathananandh C, 2007, KDD-2007 PROCEEDINGS OF THE T, P717 2 69  
2038; Tong HH, 2007, KDD-2007 PROCEEDINGS OF THE T, P737 5 47  
2039; Tong HH, 2007, KDD-2007 PROCEEDINGS OF THE T, P747 3 22  
2041; Vreeken J, 2007, KDD-2007 PROCEEDINGS OF THE T, P765 2 11  
2043; Wang XH, 2007, KDD-2007 PROCEEDINGS OF THE T, P784 2 49  
2046; Wu JJ, 2007, KDD-2007 PROCEEDINGS OF THE T, P814 3 17  
2047; Xu XW, 2007, KDD-2007 PROCEEDINGS OF THE T, P824 6 274  
2049; Yankov D, 2007, KDD-2007 PROCEEDINGS OF THE T, P844 5 45  
2060; Hua M, 2007, KDD-2007 PROCEEDINGS OF THE T, P950 2 7  
2061; Kohavi R, 2007, KDD-2007 PROCEEDINGS OF THE T, P959 5 62  
2062; Luo P, 2007, KDD-2007 PROCEEDINGS OF THE T, P968 3 28  
2065; Zhao SB, 2007, KDD-2007 PROCEEDINGS OF THE T, P995 3 5  
2074; Yin XX, 2007, KDD-2007 PROCEEDINGS OF THE T, P1048 4 28  
2109; Bifet A, 2007, PROCEEDINGS OF THE SEVENTH SI, P443 5 171  
2110; Bu YY, 2007, PROCEEDINGS OF THE SEVENTH SI, P449 2 16  
2122; Leskovec J, 2007, PROCEEDINGS OF THE SEVENTH SI, P551 2 104  
2131; Keogh E, 2007, DATA MIN KNOWL DISC, V14, P99 2 31  
2143; Chui CK, 2008, LECT NOTES ARTIF INT, V5012, P64 5 38  
2150; Hido S, 2008, LECT NOTES ARTIF INT, V5012, P148 2 16  
2157; Minato S, 2008, LECT NOTES ARTIF INT, V5012, P234 2 14  
2180; Christen P, 2008, LECT NOTES ARTIF INT, V5012, P511 2 10  
2196; Leung CKS, 2008, LECT NOTES ARTIF INT, V5012, P653 4 69  
2219; Bringmann B, 2008, LECT NOTES ARTIF INT, V5012, P858 5 49  
2243; Tanbeer SK, 2008, LECT NOTES ARTIF INT, V5012, P1022 2 19  
2260; Punera K, 2008, APPL ARTIF INTELL, V22, P780 2 32  
2263; AlSumait L, 2008, IEEE DATA MINING, P3 4 132  
2269; Cai D, 2008, IEEE DATA MINING, P63 8 157  
2272; Chaoji V, 2008, IEEE DATA MINING, P93 2 13  
2281; Ding C, 2008, IEEE DATA MINING, P183 5 50  
2288; Hu YF, 2008, IEEE DATA MINING, P263 36 551  
2292; Inokuchi A, 2008, IEEE DATA MINING, P303 2 12  
2298; Kolda TG, 2008, IEEE DATA MINING, P363 5 99  
2302; Liu FT, 2008, IEEE DATA MINING, P413 10 111  
2311; Pan R, 2008, IEEE DATA MINING, P502 16 236  
2312; Papadimitriou S, 2008, IEEE DATA MINING, P512 4 76  
2314; Shan HH, 2008, IEEE DATA MINING, P530 2 50  
2315; Sharan U, 2008, IEEE DATA MINING, P540 2 16  
2328; Yin J, 2008, IEEE DATA MINING, P678 2 11  
2329; Zhang ML, 2008, IEEE DATA MINING, P688 2 45  
2330; Akoglu L, 2008, IEEE DATA MINING, P701 2 15  
2333; Assent I, 2008, IEEE DATA MINING, P719 7 29  
2337; Chandola V, 2008, IEEE DATA MINING, P743 2 32  
2341; Davidson I, 2008, IEEE DATA MINING, P773 6 26  
2344; Fu Q, 2008, IEEE DATA MINING, P791 2 18  
2351; He JR, 2008, IEEE DATA MINING, P833 2 16  
2352; Huang A, 2008, IEEE DATA MINING, P839 3 13  
2367; Masud MM, 2008, IEEE DATA MINING, P929 4 55  
2368; McGovern A, 2008, IEEE DATA MINING, P935 2 14  
2369; Mendes LF, 2008, IEEE DATA MINING, P941 2 18  
2376; Read J, 2008, IEEE DATA MINING, P995 2 128  
2384; Tang J, 2008, IEEE DATA MINING, P1055 4 68  
2392; Xu YB, 2008, IEEE DATA MINING, P1109 3 16  
2460; Hay M, 2009, IEEE DATA MINING, P169 3 72  
2461; Hido S, 2009, IEEE DATA MINING, P179 3 28  
2465; Kang U, 2009, IEEE DATA MINING, P229 7 192  
2477; Matsubara Y, 2009, IEEE DATA MINING, P347 2 6  
2478; Min RQ, 2009, IEEE DATA MINING, P357 3 12  
2480; Muller E, 2009, IEEE DATA MINING, P377 6 30  
2491; Sun YZ, 2009, IEEE DATA MINING, P493 4 45  
2493; Tatti N, 2009, IEEE DATA MINING, P513 2 11  
2503; Zhang P, 2009, IEEE DATA MINING, P627 2 32  
2511; Bayati M, 2009, IEEE DATA MINING, P705 2 32  
2518; Chen X, 2009, IEEE DATA MINING, P746 2 81  
2533; Lelis L, 2009, IEEE DATA MINING, P842 2 32  
2548; Robardet C, 2009, IEEE DATA MINING, P950 2 10  
2558; Tang W, 2009, IEEE DATA MINING, P1016 6 85  
2561; Wang X, 2009, IEEE DATA MINING, P1034 3 13  
2572; Calders T, 2009, INT CONF DAT MIN WOR, P13 4 13  
2586; Jagannathan G, 2009, INT CONF DAT MIN WOR, P114 2 23  
2589; Vu D, 2009, INT CONF DAT MIN WOR, P138 2 8  
2615; Yang SQ, 2009, INT CONF DAT MIN WOR, P332 2 12  
2653; Qin B, 2009, LECT NOTES ARTIF INT, V5476, P4 2 35  
2687; Bunkhumpornpat C, 2009, LECT NOTES ARTIF INT, V5476, P475 2 138  
2702; Huang A, 2009, LECT NOTES ARTIF INT, V5476, P628 2 29  
2716; Zhang K, 2009, LECT NOTES ARTIF INT, V5476, P813 2 86  
2747; Agarwal D, 2009, KDD-09: 15TH ACM SIGKDD CONFE, P19 11 132  
2748; Aggarwal CC, 2009, KDD-09: 15TH ACM SIGKDD CONFE, P29 5 89  
2757; Bernecker T, 2009, KDD-09: 15TH ACM SIGKDD CONFE, P119 6 78  
2759; Bifet A, 2009, KDD-09: 15TH ACM SIGKDD CONFE, P139 8 170  
2761; Bu YY, 2009, KDD-09: 15TH ACM SIGKDD CONFE, P159 2 44  
2765; Chen W, 2009, KDD-09: 15TH ACM SIGKDD CONFE, P199 22 568  
2766; Chen Y, 2009, KDD-09: 15TH ACM SIGKDD CONFE, P209 2 40  
2767; Chierichetti F, 2009, KDD-09: 15TH ACM SIGKDD CONFE, P219 5 84  
2771; Donmez P, 2009, KDD-09: 15TH ACM SIGKDD CONFE, P259 3 57  
2778; Gama J, 2009, KDD-09: 15TH ACM SIGKDD CONFE, P329 5 95  
2779; Gao J, 2009, KDD-09: 15TH ACM SIGKDD CONFE, P339 2 13  
2781; Gu QQ, 2009, KDD-09: 15TH ACM SIGKDD CONFE, P359 5 74  
2782; Guo L, 2009, KDD-09: 15TH ACM SIGKDD CONFE, P369 2 58  
2784; Hu XH, 2009, KDD-09: 15TH ACM SIGKDD CONFE, P389 5 97  
2785; Jamali M, 2009, KDD-09: 15TH ACM SIGKDD CONFE, P397 7 276  
2790; Koren Y, 2009, KDD-09: 15TH ACM SIGKDD CONFE, P447 15 135  
2791; Kulkarni S, 2009, KDD-09: 15TH ACM SIGKDD CONFE, P457 3 81  
2792; Lappas T, 2009, KDD-09: 15TH ACM SIGKDD CONFE, P467 5 172  
2795; Leskovec J, 2009, KDD-09: 15TH ACM SIGKDD CONFE, P497 10 344  
2796; Li L, 2009, KDD-09: 15TH ACM SIGKDD CONFE, P507 3 28  
2798; Lin YR, 2009, KDD-09: 15TH ACM SIGKDD CONFE, P527 4 77  
2800; Liu J, 2009, KDD-09: 15TH ACM SIGKDD CONFE, P547 2 71  
2804; Lozano A, 2009, KDD-09: 15TH ACM SIGKDD CONFE, P587 4 21  
2806; Malmgren RD, 2009, KDD-09: 15TH ACM SIGKDD CONFE, P607 2 17  
2808; McSherry F, 2009, KDD-09: 15TH ACM SIGKDD CONFE, P627 5 161  
2809; Monreale A, 2009, KDD-09: 15TH ACM SIGKDD CONFE, P637 7 169  
2810; Nijssen S, 2009, KDD-09: 15TH ACM SIGKDD CONFE, P647 3 26  
2816; Provost F, 2009, KDD-09: 15TH ACM SIGKDD CONFE, P707 3 28  
2817; Qi ZJ, 2009, KDD-09: 15TH ACM SIGKDD CONFE, P717 6 30  
2818; Rendle S, 2009, KDD-09: 15TH ACM SIGKDD CONFE, P727 7 97  
2821; Shen BH, 2009, KDD-09: 15TH ACM SIGKDD CONFE, P757 4 19  
2825; Sun YZ, 2009, KDD-09: 15TH ACM SIGKDD CONFE, P797 9 133  
2826; Tang J, 2009, KDD-09: 15TH ACM SIGKDD CONFE, P807 12 269  
2827; Tang L, 2009, KDD-09: 15TH ACM SIGKDD CONFE, P817 9 125  
2829; Tsourakakis CE, 2009, KDD-09: 15TH ACM SIGKDD CONFE, P837 5 82  
2836; Yan DH, 2009, KDD-09: 15TH ACM SIGKDD CONFE, P907 3 125  
2837; Yang BS, 2009, KDD-09: 15TH ACM SIGKDD CONFE, P917 2 34  
2838; Yang TB, 2009, KDD-09: 15TH ACM SIGKDD CONFE, P927 7 102  
2839; Yao LM, 2009, KDD-09: 15TH ACM SIGKDD CONFE, P937 5 69  
2840; Ye LX, 2009, KDD-09: 15TH ACM SIGKDD CONFE, P947 17 202  
2841; Yin ZJ, 2009, KDD-09: 15TH ACM SIGKDD CONFE, P957 2 27  
2845; Zhang YZ, 2009, KDD-09: 15TH ACM SIGKDD CONFE, P997 2 49  
2846; Zheleva E, 2009, KDD-09: 15TH ACM SIGKDD CONFE, P1007 3 32  
2857; Daruru S, 2009, KDD-09: 15TH ACM SIGKDD CONFE, P1115 2 10  
2864; Hirose S, 2009, KDD-09: 15TH ACM SIGKDD CONFE, P1185 3 14  
2865; Jin W, 2009, KDD-09: 15TH ACM SIGKDD CONFE, P1195 3 81  
2870; Ma J, 2009, KDD-09: 15TH ACM SIGKDD CONFE, P1245 2 161  
2872; McGlohon M, 2009, KDD-09: 15TH ACM SIGKDD CONFE, P1265 3 16  
2873; Melville P, 2009, KDD-09: 15TH ACM SIGKDD CONFE, P1275 2 117  
2879; Sun L, 2009, KDD-09: 15TH ACM SIGKDD CONFE, P1335 2 20  
2901; Tseng VS, 2009, EXPERT SYST APPL, V36, P9524 2 29  
2963; Calders T, 2010, LECT NOTES ARTIF INT, V6118, P480 3 23  
3004; Akoglu L, 2010, LECT NOTES ARTIF INT, V6119, P410 11 88  
3006; Prakash BA, 2010, LECT NOTES ARTIF INT, V6119, P435 6 27  
3186; Tomasev N, 2011, LECT NOTES ARTIF INT, V6634, P183 2 16  
3233; Muzammal M, 2011, LECT NOTES ARTIF INT, V6635, P210 3 13  
3265; Tang J, 2011, MACH LEARN, V82, P211 2 37  
3267; Acs G, 2012, IEEE DATA MINING, P1 4 27  
3268; Prakash BA, 2012, IEEE DATA MINING, P11 3 64  
3271; Azmandian F, 2012, IEEE DATA MINING, P51 2 10  
3274; Barbieri N, 2012, IEEE DATA MINING, P81 6 54  
3276; Bi W, 2012, IEEE DATA MINING, P101 2 9  
3280; Chawla S, 2012, IEEE DATA MINING, P141 4 70  
3281; Chitta R, 2012, IEEE DATA MINING, P161 2 22  
3283; Dong YX, 2012, IEEE DATA MINING, P181 3 90  
3299; Kim H, 2012, IEEE DATA MINING, P349 3 10  
3304; Li B, 2012, IEEE DATA MINING, P399 4 18  
3308; Liu B, 2012, IEEE DATA MINING, P439 2 48  
3310; Liu L, 2012, IEEE DATA MINING, P459 3 20  
3315; Maserrat H, 2012, IEEE DATA MINING, P509 2 5  
3317; Muller E, 2012, IEEE DATA MINING, P529 2 19  
3318; Myers SA, 2012, IEEE DATA MINING, P539 2 49  
3324; Pan B, 2012, IEEE DATA MINING, P595 5 30  
3341; Yu HF, 2012, IEEE DATA MINING, P765 4 74  
3343; Zakaria J, 2012, IEEE DATA MINING, P785 2 48  
3353; Fang M, 2012, IEEE DATA MINING, P858 2 15  
3362; Jung K, 2012, IEEE DATA MINING, P918 12 107  
3363; Kamiran F, 2012, IEEE DATA MINING, P924 4 12  
3372; Liu JQ, 2012, IEEE DATA MINING, P984 4 58  
3380; Noulas A, 2012, IEEE DATA MINING, P1038 2 100  
3401; Yi JF, 2012, IEEE DATA MINING, P1176 2 23  
3404; Zhang XC, 2012, IEEE DATA MINING, P1194 4 41  
3407; Zhu HS, 2012, IEEE DATA MINING, P1212 2 19  
3479; Poria S, 2012, INT CONF DAT MIN WOR, P709 3 26  
3499; Liao ZX, 2012, INT CONF DAT MIN WOR, P890 2 13  
3620; Adcock AB, 2013, IEEE DATA MINING, P1 2 27  
3639; Ghalwash MF, 2013, IEEE DATA MINING, P201 2 14  
3642; Gunnemann S, 2013, IEEE DATA MINING, P231 3 18  
3647; Hu B, 2013, IEEE DATA MINING, P281 2 12  
3657; Koutra D, 2013, IEEE DATA MINING, P389 2 21  
3661; Li YX, 2013, IEEE DATA MINING, P448 7 21  
3671; Mueen A, 2013, IEEE DATA MINING, P547 5 25  
3673; Nguyen DT, 2013, IEEE DATA MINING, P567 2 12  
3675; Pan B, 2013, IEEE DATA MINING, P587 2 17  
3677; Qian BY, 2013, IEEE DATA MINING, P607 2 9  
3685; Speakman S, 2013, IEEE DATA MINING, P697 2 8  
3689; Vinzamuri B, 2013, IEEE DATA MINING, P757 4 17  
3701; Zhou C, 2013, IEEE DATA MINING, P907 2 32  
3707; Barbieri N, 2013, IEEE DATA MINING, P955 2 14  
3713; Chen ZT, 2013, IEEE DATA MINING, P1003 2 6  
3722; Fu B, 2013, IEEE DATA MINING, P1061 2 4  
3724; Hu B, 2013, IEEE DATA MINING, P1073 3 29  
3725; Huang SJ, 2013, IEEE DATA MINING, P1079 2 16  
3728; Kwon S, 2013, IEEE DATA MINING, P1103 3 75  
3730; Liang ZH, 2013, IEEE DATA MINING, P1121 2 6  
3732; Liu HF, 2013, IEEE DATA MINING, P1133 2 7  
3734; Yang J, 2013, IEEE DATA MINING, P1151 7 165  
3737; Senin P, 2013, IEEE DATA MINING, P1175 2 42  
3739; Sparks ER, 2013, IEEE DATA MINING, P1187 2 35  
3750; Yingchareonthawornchai S, 2013, IEEE DATA MINING, P1265 2 15  
3751; Yu WR, 2013, IEEE DATA MINING, P1271 2 11  
3752; Zeng GX, 2013, IEEE DATA MINING, P1277 2 7  
3754; Zhang JW, 2013, IEEE DATA MINING, P1289 2 30  
3761; Banda JM, 2013, INT CONF DAT MIN WOR, P1 3 9  
3880; Banerjee P, 2014, IEEE DATA MINING, P30 3 10  
3881; Cao BK, 2014, IEEE DATA MINING, P40 4 20  
3882; Cao BK, 2014, IEEE DATA MINING, P50 2 20  
3883; Chang SY, 2014, IEEE DATA MINING, P60 2 7  
3888; Fu YJ, 2014, IEEE DATA MINING, P120 3 23  
3918; Petitjean F, 2014, IEEE DATA MINING, P470 2 51  
3929; Wu K, 2014, IEEE DATA MINING, P600 2 14  
3951; Duivesteijn W, 2014, IEEE DATA MINING, P809 2 7  
3961; Kriege N, 2014, IEEE DATA MINING, P881 4 6  
3967; Luo C, 2014, IEEE DATA MINING, P917 2 23  
3981; Wang F, 2014, IEEE DATA MINING, P1013 2 14  
3992; Yang P, 2014, IEEE DATA MINING, P1079 2 4  
3996; Zhao HK, 2014, IEEE DATA MINING, P1109 2 12  
4245; Faleiro JM, 2014, SIGMOD'14: PROCEEDINGS OF THE, P15 2 7  
4248; Liu SY, 2014, SIGMOD'14: PROCEEDINGS OF THE, P51 2 60  
4250; Tang YZ, 2014, SIGMOD'14: PROCEEDINGS OF THE, P75 11 123  
4252; Shi JM, 2014, SIGMOD'14: PROCEEDINGS OF THE, P99 2 19  
4254; Chen ZT, 2014, SIGMOD'14: PROCEEDINGS OF THE, P123 2 13  
4256; Toshniwa A, 2014, SIGMOD'14: PROCEEDINGS OF THE, P147 9 231  
4257; Yang FJ, 2014, SIGMOD'14: PROCEEDINGS OF THE, P157 4 33  
4259; Taft R, 2014, SIGMOD'14: PROCEEDINGS OF THE, P177 2 11  
4261; Matsubara Y, 2014, SIGMOD'14: PROCEEDINGS OF THE, P193 3 18  
4267; Zhang C, 2014, SIGMOD'14: PROCEEDINGS OF THE, P265 2 11  
4268; Zeng K, 2014, SIGMOD'14: PROCEEDINGS OF THE, P277 4 21  
4270; Fan WF, 2014, SIGMOD'14: PROCEEDINGS OF THE, P301 2 15  
4271; Zou L, 2014, SIGMOD'14: PROCEEDINGS OF THE, P313 2 36  
4272; Kusumoto M, 2014, SIGMOD'14: PROCEEDINGS OF THE, P325 3 26  
4273; Soliman MA, 2014, SIGMOD'14: PROCEEDINGS OF THE, P337 2 8  
4279; Duggan J, 2014, SIGMOD'14: PROCEEDINGS OF THE, P409 2 6  
4281; Pochampally R, 2014, SIGMOD'14: PROCEEDINGS OF THE, P433 3 25  
4282; Chalamalla A, 2014, SIGMOD'14: PROCEEDINGS OF THE, P445 2 16  
4284; Wang JN, 2014, SIGMOD'14: PROCEEDINGS OF THE, P469 4 22  
4285; Agarwal S, 2014, SIGMOD'14: PROCEEDINGS OF THE, P481 4 21  
4286; Shen YY, 2014, SIGMOD'14: PROCEEDINGS OF THE, P493 3 14  
4287; Kalinin A, 2014, SIGMOD'14: PROCEEDINGS OF THE, P505 3 17  
4288; Dimitriadou K, 2014, SIGMOD'14: PROCEEDINGS OF THE, P517 2 13  
4289; Kang WH, 2014, SIGMOD'14: PROCEEDINGS OF THE, P529 2 14  
4294; Park H, 2014, SIGMOD'14: PROCEEDINGS OF THE, P577 4 15  
4295; Amsterdamer Y, 2014, SIGMOD'14: PROCEEDINGS OF THE, P589 3 12  
4296; Gokhale C, 2014, SIGMOD'14: PROCEEDINGS OF THE, P601 8 37  
4298; Shao YX, 2014, SIGMOD'14: PROCEEDINGS OF THE, P625 2 18  
4299; Kim J, 2014, SIGMOD'14: PROCEEDINGS OF THE, P637 3 14  
4300; Chen Y, 2014, SIGMOD'14: PROCEEDINGS OF THE, P649 3 14  
4301; Xiao DQ, 2014, SIGMOD'14: PROCEEDINGS OF THE, P661 2 4  
4302; Deng D, 2014, SIGMOD'14: PROCEEDINGS OF THE, P673 4 18  
4305; Karnagel T, 2014, SIGMOD'14: PROCEEDINGS OF THE, P693 3 4  
4309; Li F, 2014, SIGMOD'14: PROCEEDINGS OF THE, P709 2 13  
4315; Leis V, 2014, SIGMOD'14: PROCEEDINGS OF THE, P743 9 35  
4316; Polychroniou O, 2014, SIGMOD'14: PROCEEDINGS OF THE, P755 4 17  
4322; Qin L, 2014, SIGMOD'14: PROCEEDINGS OF THE, P827 3 28  
4326; Halperin D, 2014, SIGMOD'14: PROCEEDINGS OF THE, P881 3 21  
4342; Cui WY, 2014, SIGMOD'14: PROCEEDINGS OF THE, P991 2 36  
4349; Zeng K, 2014, SIGMOD'14: PROCEEDINGS OF THE, P1067 3 6  
4358; Alagiannis I, 2014, SIGMOD'14: PROCEEDINGS OF THE, P1103 6 21  
4359; Sun LW, 2014, SIGMOD'14: PROCEEDINGS OF THE, P1115 4 16  
4360; Gao JY, 2014, SIGMOD'14: PROCEEDINGS OF THE, P1127 3 12  
4361; Wu YB, 2014, SIGMOD'14: PROCEEDINGS OF THE, P1139 4 11  
4363; Ranu S, 2014, SIGMOD'14: PROCEEDINGS OF THE, P1163 2 9  
4365; Li Q, 2014, SIGMOD'14: PROCEEDINGS OF THE, P1187 8 72  
4375; Trummer I, 2014, SIGMOD'14: PROCEEDINGS OF THE, P1299 2 8  
4376; Huang X, 2014, SIGMOD'14: PROCEEDINGS OF THE, P1311 8 51  
4377; Zhu AD, 2014, SIGMOD'14: PROCEEDINGS OF THE, P1323 2 18  
4379; Sricharan K, 2014, SIGMOD'14: PROCEEDINGS OF THE, P1347 3 16  
4381; Cai ZH, 2014, SIGMOD'14: PROCEEDINGS OF THE, P1371 3 11  
4386; Bender G, 2014, SIGMOD'14: PROCEEDINGS OF THE, P1411 3 7  
4387; Zhang J, 2014, SIGMOD'14: PROCEEDINGS OF THE, P1423 2 45  
4389; He X, 2014, SIGMOD'14: PROCEEDINGS OF THE, P1447 4 26  
4392; Polychroniou O, 2014, SIGMOD'14: PROCEEDINGS OF THE, P1483 4 20  
4397; Yin HZ, 2014, SIGMOD'14: PROCEEDINGS OF THE, P1543 5 63  
4398; Zoumpatianos K, 2014, SIGMOD'14: PROCEEDINGS OF THE, P1555 3 18  
4400; Roy S, 2014, SIGMOD'14: PROCEEDINGS OF THE, P1579 3 19  
4401; LeFevre J, 2014, SIGMOD'14: PROCEEDINGS OF THE, P1591 2 29  
4496; Hu JH, 2015, IEEE DATA MINING, P171 2 5  
4503; Lian DF, 2015, IEEE DATA MINING, P261 3 28  
4505; Liu Q, 2015, IEEE DATA MINING, P281 3 9  
4527; Yu LY, 2015, IEEE DATA MINING, P559 5 15  
4531; Zhang L, 2015, IEEE DATA MINING, P609 4 6  
4534; Zhao L, 2015, IEEE DATA MINING, P639 2 11  
4543; Chen C, 2015, IEEE DATA MINING, P715 2 6  
4544; Choi E, 2015, IEEE DATA MINING, P721 2 12  
4552; He K, 2015, IEEE DATA MINING, P769 2 12  
4554; Jiang M, 2015, IEEE DATA MINING, P781 2 15  
4567; Liu JM, 2015, IEEE DATA MINING, P883 3 16  
4587; Wang CG, 2015, IEEE DATA MINING, P1015 4 17  
4649; Aydin B, 2015, 2015 IEEE INTERNATIONAL CONFE, P575 2 7  
4654; Pang GS, 2015, 2015 IEEE INTERNATIONAL CONFE, P623 2 4  
4728; Kumar J, 2015, 2015 IEEE INTERNATIONAL CONFE, P1478 2 3  
4827; Li ZX, 2015, LECT NOTES ARTIF INT, V9078, P177 2 7  
4851; Shao WX, 2015, LECT NOTES ARTIF INT, V9078, P485 2 6  
4857; Wang Q, 2015, LECT NOTES ARTIF INT, V9078, P562 3 4  
5280; Feng ZQ, 2015, SIGMOD'15: PROCEEDINGS OF THE, P31 3 8  
5281; Alexandrov A, 2015, SIGMOD'15: PROCEEDINGS OF THE, P47 2 19  
5282; Chu S, 2015, SIGMOD'15: PROCEEDINGS OF THE, P63 4 31  
5285; Teflioudi C, 2015, SIGMOD'15: PROCEEDINGS OF THE, P107 6 15  
5293; Huang YX, 2015, SIGMOD'15: PROCEEDINGS OF THE, P227 3 22  
5294; Kulkarni S, 2015, SIGMOD'15: PROCEEDINGS OF THE, P239 6 102  
5297; Idreos S, 2015, SIGMOD'15: PROCEEDINGS OF THE, P277 3 31  
5307; Guo T, 2015, SIGMOD'15: PROCEEDINGS OF THE, P405 2 19  
5309; Berlowitz D, 2015, SIGMOD'15: PROCEEDINGS OF THE, P431 3 2  
5315; Gan JH, 2015, SIGMOD'15: PROCEEDINGS OF THE, P519 3 50  
5322; Erling O, 2015, SIGMOD'15: PROCEEDINGS OF THE, P619 3 28  
5328; Neumann T, 2015, SIGMOD'15: PROCEEDINGS OF THE, P677 6 27  
5329; Kimura H, 2015, SIGMOD'15: PROCEEDINGS OF THE, P691 4 35  
5330; Arulraj J, 2015, SIGMOD'15: PROCEEDINGS OF THE, P707 2 36  
5331; Zhang J, 2015, SIGMOD'15: PROCEEDINGS OF THE, P731 2 14  
5332; Yang B, 2015, SIGMOD'15: PROCEEDINGS OF THE, P747 2 20  
5335; Wei ZW, 2015, SIGMOD'15: PROCEEDINGS OF THE, P795 2 6  
5337; Song SX, 2015, SIGMOD'15: PROCEEDINGS OF THE, P827 2 10  
5343; Morcos J, 2015, SIGMOD'15: PROCEEDINGS OF THE, P883 2 4  
5348; Zeng K, 2015, SIGMOD'15: PROCEEDINGS OF THE, P913 5 17  
5356; Fan J, 2015, SIGMOD'15: PROCEEDINGS OF THE, P1015 8 50  
5357; Zheng YD, 2015, SIGMOD'15: PROCEEDINGS OF THE, P1031 5 56  
5365; Wang HZ, 2015, SIGMOD'15: PROCEEDINGS OF THE, P1099 2 8  
5371; Petraki E, 2015, SIGMOD'15: PROCEEDINGS OF THE, P1153 2 9  
5372; Mozafari B, 2015, SIGMOD'15: PROCEEDINGS OF THE, P1167 2 4  
5375; Khayyat Z, 2015, SIGMOD'15: PROCEEDINGS OF THE, P1215 2 23  
5376; Wang X, 2015, SIGMOD'15: PROCEEDINGS OF THE, P1231 2 14  
5377; Chu X, 2015, SIGMOD'15: PROCEEDINGS OF THE, P1247 4 37  
5378; Wang SB, 2015, SIGMOD'15: PROCEEDINGS OF THE, P1263 3 13  
5384; Saha B, 2015, SIGMOD'15: PROCEEDINGS OF THE, P1357 2 36  
5385; Aref M, 2015, SIGMOD'15: PROCEEDINGS OF THE, P1371 3 31  
5386; Armbrust M, 2015, SIGMOD'15: PROCEEDINGS OF THE, P1383 20 231  
5397; Barthels C, 2015, SIGMOD'15: PROCEEDINGS OF THE, P1463 2 9  
5399; Polychroniou O, 2015, SIGMOD'15: PROCEEDINGS OF THE, P1493 4 26  
5402; Tang YZ, 2015, SIGMOD'15: PROCEEDINGS OF THE, P1539 8 97  
5404; Shin KJ, 2015, SIGMOD'15: PROCEEDINGS OF THE, P1571 7 16  
5409; Zhou XM, 2015, SIGMOD'15: PROCEEDINGS OF THE, P1645 2 10  
5413; Terlecki P, 2015, SIGMOD'15: PROCEEDINGS OF THE, P1695 2 6  
5414; Viglas SD, 2015, SIGMOD'15: PROCEEDINGS OF THE, P1707 2 6  
5415; Chu X, 2015, SIGMOD'15: PROCEEDINGS OF THE, P1713 2 9  
5416; Liu JL, 2015, SIGMOD'15: PROCEEDINGS OF THE, P1729 4 30  
5417; Trummer I, 2015, SIGMOD'15: PROCEEDINGS OF THE, P1745 2 5  
5424; Paparrizos J, 2015, SIGMOD'15: PROCEEDINGS OF THE, P1855 2 44  
5425; Zhou JB, 2015, SIGMOD'15: PROCEEDINGS OF THE, P1871 4 9  
5430; Trummer I, 2015, SIGMOD'15: PROCEEDINGS OF THE, P1941 3 9  
5432; Kumar A, 2015, SIGMOD'15: PROCEEDINGS OF THE, P1969 4 14  
5480; Baytas IM, 2016, IEEE DATA MINING, P11 2 6  
5481; Bendimerad AA, 2016, IEEE DATA MINING, P21 2 6  
5482; Budhathoki K, 2016, IEEE DATA MINING, P41 3 5  
5516; Poria S, 2016, IEEE DATA MINING, P439 2 61  
5520; Suh S, 2016, IEEE DATA MINING, P479 2 4  
5522; Wang JY, 2016, IEEE DATA MINING, P499 5 27  
5530; Yu WR, 2016, IEEE DATA MINING, P589 2 5  
5532; Zhang DK, 2016, IEEE DATA MINING, P609 2 14  
5554; Fu YJ, 2016, IEEE DATA MINING, P877 2 3  
5588; Qu YR, 2016, IEEE DATA MINING, P1149 2 13  
5604; Xun GX, 2016, IEEE DATA MINING, P1299 4 8  
5606; Yeh CCM, 2016, IEEE DATA MINING, P1317 3 19  
5615; Zhu Y, 2016, IEEE DATA MINING, P1371 3 6  
5760; Pham T, 2016, LECT NOTES ARTIF INT, V9652, P30 5 29  
6375; Schleich M, 2016, SIGMOD'16: PROCEEDINGS OF THE, P3 3 10  
6377; Huang YX, 2016, SIGMOD'16: PROCEEDINGS OF THE, P35 2 9  
6389; Dageville B, 2016, SIGMOD'16: PROCEEDINGS OF THE, P215 2 7  
6399; Li F, 2016, SIGMOD'16: PROCEEDINGS OF THE, P355 2 9  
6400; Oukid I, 2016, SIGMOD'16: PROCEEDINGS OF THE, P371 4 18  
6405; Kim MS, 2016, SIGMOD'16: PROCEEDINGS OF THE, P447 2 12  
6409; Nikolic M, 2016, SIGMOD'16: PROCEEDINGS OF THE, P511 2 8  
6414; Arulraj J, 2016, SIGMOD'16: PROCEEDINGS OF THE, P583 3 11  
6417; Kandula S, 2016, SIGMOD'16: PROCEEDINGS OF THE, P631 3 9  
6420; Ding BL, 2016, SIGMOD'16: PROCEEDINGS OF THE, P679 2 4  
6421; Nguyen HT, 2016, SIGMOD'16: PROCEEDINGS OF THE, P695 6 37  
6427; Halevy A, 2016, SIGMOD'16: PROCEEDINGS OF THE, P795 5 22  
6429; Papenbrock T, 2016, SIGMOD'16: PROCEEDINGS OF THE, P821 2 14  
6439; Chai CL, 2016, SIGMOD'16: PROCEEDINGS OF THE, P969 5 14  
6455; Bi F, 2016, SIGMOD'16: PROCEEDINGS OF THE, P1199 3 16  
6466; Battle L, 2016, SIGMOD'16: PROCEEDINGS OF THE, P1363 2 11  
6472; Roy P, 2016, SIGMOD'16: PROCEEDINGS OF THE, P1449 2 9  
6479; Zhang H, 2016, SIGMOD'16: PROCEEDINGS OF THE, P1567 3 8  
6481; Yoon DY, 2016, SIGMOD'16: PROCEEDINGS OF THE, P1599 3 3  
6483; Yu XY, 2016, SIGMOD'16: PROCEEDINGS OF THE, P1629 3 11  
6486; Kim K, 2016, SIGMOD'16: PROCEEDINGS OF THE, P1675 4 11  
6496; Hadian A, 2016, SIGMOD'16: PROCEEDINGS OF THE, P1829 4 5  
6502; Das S, 2016, SIGMOD'16: PROCEEDINGS OF THE, P1923 2 2  
6509; Zheng YX, 2016, SIGMOD'16: PROCEEDINGS OF THE, P2023 2 5  
6519; Hai RH, 2016, SIGMOD'16: PROCEEDINGS OF THE, P2097 2 15  
6529; Milo T, 2016, SIGMOD'16: PROCEEDINGS OF THE, P2137 3 4  
6557; Qin W, 2016, SIGMOD'16: PROCEEDINGS OF THE, P2255 2 2  
6707; Zhao H, 2017, IEEE DATA MINING, P635 4 20  
6716; Budhathoki K, 2017, IEEE DATA MINING, P751 2 3  
6721; Che ZP, 2017, IEEE DATA MINING, P787 2 4  
7416; Baytas IM, 2017, KDD'17: PROCEEDINGS OF THE 23, P65 4 18  
7423; Dong YX, 2017, KDD'17: PROCEEDINGS OF THE 23, P135 13 58  
7431; Hallac D, 2017, KDD'17: PROCEEDINGS OF THE 23, P215 3 10  
7441; Li P, 2017, KDD'17: PROCEEDINGS OF THE 23, P315 2 4  
7442; Lian DF, 2017, KDD'17: PROCEEDINGS OF THE 23, P325 4 7  
7448; Ribeiro LFR, 2017, KDD'17: PROCEEDINGS OF THE 23, P385 9 36  
7454; Spring R, 2017, KDD'17: PROCEEDINGS OF THE 23, P445 4 9  
7456; Tolomei G, 2017, KDD'17: PROCEEDINGS OF THE 23, P465 2 5  
7460; Wang SB, 2017, KDD'17: PROCEEDINGS OF THE 23, P505 3 2  
7466; Zang CX, 2017, KDD'17: PROCEEDINGS OF THE 23, P565 2 4  
7474; Zhou DW, 2017, KDD'17: PROCEEDINGS OF THE 23, P655 2 4  
7475; Zhou C, 2017, KDD'17: PROCEEDINGS OF THE 23, P665 4 12  
7481; Bojchevski A, 2017, KDD'17: PROCEEDINGS OF THE 23, P737 2 5  
7482; Cao BK, 2017, KDD'17: PROCEEDINGS OF THE 23, P747 2 5  
7484; Chen T, 2017, KDD'17: PROCEEDINGS OF THE 23, P767 2 4  
7486; Choi E, 2017, KDD'17: PROCEEDINGS OF THE 23, P787 7 22  
7500; Li HY, 2017, KDD'17: PROCEEDINGS OF THE 23, P927 2 7  
7504; Ma FL, 2017, KDD'17: PROCEEDINGS OF THE 23, P967 3 9  
7520; Ustun B, 2017, KDD'17: PROCEEDINGS OF THE 23, P1125 2 3  
7521; Wang H, 2017, KDD'17: PROCEEDINGS OF THE 23, P1135 2 7  
7532; Yang C, 2017, KDD'17: PROCEEDINGS OF THE 23, P1245 4 23  
7539; Zhang YT, 2017, KDD'17: PROCEEDINGS OF THE 23, P1315 2 4  
7544; Bao J, 2017, KDD'17: PROCEEDINGS OF THE 23, P1377 2 20  
7546; Borisyuk F, 2017, KDD'17: PROCEEDINGS OF THE 23, P1397 2 3  
7547; Chojnacki A, 2017, KDD'17: PROCEEDINGS OF THE 23, P1407 2 3  
7555; Golovin D, 2017, KDD'17: PROCEEDINGS OF THE 23, P1487 2 21  
7557; Hou SF, 2017, KDD'17: PROCEEDINGS OF THE 23, P1507 2 10  
7572; Tong YX, 2017, KDD'17: PROCEEDINGS OF THE 23, P1653 2 18  
7574; Wang JY, 2017, KDD'17: PROCEEDINGS OF THE 23, P1673 2 4  
7577; Zhu J, 2017, KDD'17: PROCEEDINGS OF THE 23, P1703 3 3  
7595; Liu QL, 2017, KDD'17: PROCEEDINGS OF THE 23, P1883 2 2  
7597; Ma FL, 2017, KDD'17: PROCEEDINGS OF THE 23, P1903 8 25  
7600; Okura S, 2017, KDD'17: PROCEEDINGS OF THE 23, P1933 4 19  
7612; Wang XJ, 2017, KDD'17: PROCEEDINGS OF THE 23, P2051 2 23  
7617; Yang F, 2017, KDD'17: PROCEEDINGS OF THE 23, P2101 2 3  
7618; Yang S, 2017, KDD'17: PROCEEDINGS OF THE 23, P2111 2 7  
7621; Zhang LH, 2017, KDD'17: PROCEEDINGS OF THE 23, P2141 2 10  
7626; Zhu H, 2017, KDD'17: PROCEEDINGS OF THE 23, P2191 2 5  
7634; Dayan N, 2017, SIGMOD'17: PROCEEDINGS OF THE, P79 3 9  
7659; Jiang JW, 2017, SIGMOD'17: PROCEEDINGS OF THE, P463 2 11  
7660; Guo T, 2017, SIGMOD'17: PROCEEDINGS OF THE, P479 2 3  
7666; Bailis P, 2017, SIGMOD'17: PROCEEDINGS OF THE, P541 2 10  
7669; Park Y, 2017, SIGMOD'17: PROCEEDINGS OF THE, P587 3 6  
7677; Kester MS, 2017, SIGMOD'17: PROCEEDINGS OF THE, P715 3 5  
7682; Jung J, 2017, SIGMOD'17: PROCEEDINGS OF THE, P789 2 4  
7685; Li H, 2017, SIGMOD'17: PROCEEDINGS OF THE, P835 2 3  
7689; Park H, 2017, SIGMOD'17: PROCEEDINGS OF THE, P913 2 2  
7697; Verbitski A, 2017, SIGMOD'17: PROCEEDINGS OF THE, P1041 2 10  
7714; Wu X, 2017, SIGMOD'17: PROCEEDINGS OF THE, P1307 2 4  
7720; Rekatsinas T, 2017, SIGMOD'17: PROCEEDINGS OF THE, P1399 2 8  
7721; Kou NM, 2017, SIGMOD'17: PROCEEDINGS OF THE, P1415 2 3  
7726; Gan JH, 2017, SIGMOD'17: PROCEEDINGS OF THE, P1493 2 4  
7759; Kankanamge C, 2017, SIGMOD'17: PROCEEDINGS OF THE, P1695 2 4  
7763; Li GL, 2017, SIGMOD'17: PROCEEDINGS OF THE, P1711 2 14  
7764; Kumar A, 2017, SIGMOD'17: PROCEEDINGS OF THE, P1717 2 8  
7765; Polyzotis N, 2017, SIGMOD'17: PROCEEDINGS OF THE, P1723 3 12  
7793; Kairouz P, 2017, IEEE T INFORM THEORY, V63, P4037 4 15  
